task_id,ca_pilot,co_pilot,de_pilot,us_pilot
egma-math,0.8241952796492042,0.9210105174908438,0.8688054945588688,NA
mental-rotation,0.8704158557334224,0.9615393773270429,0.9159590605092538,0.9869603329672109
same-different-selection,0.9112207085790729,0.8931984814858825,0.8880041364641224,0.7713724765254011
trog,0.7004419373151987,0.89515327250752,0.8607234595468422,NA
vocab,0.8984501671114256,0.9434052113900657,0.9331851385304678,NA
hearts-and-flowers,0.06614499113322998,0.8121763924443758,0.23044716587009442,0.892310411862482
matrix-reasoning,0.9105377941428712,0.894467631358373,0.8834205758097771,0.9198172809100754
memory-game,0.8057739501534045,0.6385796270981998,0.9126237260408818,0.8302891728283647
theory-of-mind,0.8136894783442066,0.8517870629501545,0.7804503637520718,NA
