item_task,ca_pilot,co_pilot,de_pilot,us_pilot
math,0.9025207851470258,0.9440913700155591,0.9524394059288436,NA
matrix,0.6147311226382275,0.6116230926373003,0.8670251228819994,0.2408439627546902
hf,0.7475525768826019,0.9012435975610906,0.8261883075024328,0.8110487171802717
mg,0.941761011646209,0.9341688990691579,0.9594938434709712,0.6503967984389568
sds,0.9154784283163528,0.9231550986836567,0.9388143564095877,0.6110823669408104
mrot,0.7483640936762306,0.6864471884669273,0.7944622749180487,0.3838078625277923
tom,0.6319341382539961,0.6367856226321993,0.653575930546184,0.46247250955676467
trog,0.8714975033843916,0.8925330256415593,0.7919370206280041,NA
vocab,0.9065427142900047,0.9135189118430579,0.8892657390254939,NA
