task_id,ca_pilot,co_pilot,de_pilot,us_pilot
egma-math,0.9386588260985881,0.9577468207962125,0.9476296194349262,NA
mental-rotation,0.8704158557334224,0.9615393773270429,0.9159590605092538,0.9367251127774494
same-different-selection,0.9214140454070564,0.8931984814858825,0.8880041364641224,0.7713724765254011
trog,0.9043658397043947,0.9241830111053163,0.8254965720276228,NA
vocab,0.9508637396004018,0.9558425454714045,0.923522182493358,NA
hearts-and-flowers,0.30522007805546175,0.8121763924443758,0.37428830149988307,0.892310411862482
matrix-reasoning,0.8967178847693371,0.8768672669323616,0.925500157669032,0.7560277589213162
memory-game,0.9027828337401715,0.8878962362946616,0.931370231484225,0.8302891728283647
theory-of-mind,0.8136894783442066,0.8517870629501545,0.7804503637520718,NA
