task_id,item_type,model_type,ca_pilot,co_pilot,de_pilot
egma-math,Rasch,1,0.8629063886863834,0.9309171080293545,0.8798686425471782
hearts-and-flowers,2PL,1,0.903067706216841,0.7683581529510052,0.7971824850796577
matrix-reasoning,Rasch,1,0.9512708449090518,0.9269564566336459,0.8781021583605902
memory-game,Rasch,1,0.8547945354044753,0.8038399095332807,0.9171645041238978
mental-rotation,2PL,1,0.8928828926985745,0.9149154848649877,0.7882622198428871
same-different-selection,2PL,1,0.9391792489248343,0.9749339425066608,0.9644902702329381
theory-of-mind,2PL,1,0.7784997001736091,0.9215656449386883,0.6854675907287323
trog,Rasch,1,0.7181721123218622,0.8825597734094017,0.9564546765066669
vocab,2PL,1,0.97514462087178,0.9888910586063444,0.9825191089820704
