task_id,ca_pilot,co_pilot,de_pilot
mental-rotation,0.9606522618454154,0.8833280227685198,0.915777308383243
trog,0.6868779954091753,0.8885362234760326,0.9365670153682742
vocab,0.8527046301989879,0.9436315781715888,0.9322940125751031
same-different-selection,0.9361686896138783,0.8795429625912259,0.918857435437042
hearts-and-flowers,0.4270050272322333,0.8994652074351785,0.8984022042132143
memory-game,0.7928101760086788,0.7813984401066936,0.9070608773916269
egma-math,0.8512407595416592,0.9466882553341031,0.873259242064808
theory-of-mind,0.799195644504105,0.908743751465428,0.8382674504911961
matrix-reasoning,0.9130645915401919,0.9166179291938473,0.9638621965515526
