task_id,ca_pilot,co_pilot,de_pilot
mental-rotation,0.9433012338093745,0.8909165160712726,0.9188721173923584
trog,0.7219762620377088,0.8899058565945711,0.9319731796292829
vocab,0.9474352644612822,0.9436995303352992,0.9409799336467173
egma-math,0.8396254391727737,0.9414946209269023,0.8731275072059239
theory-of-mind,0.848104423287076,0.9050067704356007,0.8621313226838943
matrix-reasoning,0.9243458160834412,0.9168843460569134,0.9622216956406824
memory-game,0.8215629470857415,0.7978306452599261,0.9105706318050919
hearts-and-flowers,0.5241752438450538,0.8944974756377491,0.5956885803771668
same-different-selection,0.9449406912174751,0.9052467101297286,0.912346998787306
