task_id,ca_pilot,co_pilot,de_pilot,us_pilot
mental-rotation,0.9595399159857441,0.8833280227685198,0.915777308383243,0.9909914460451238
trog,0.6868779954091753,0.8885362234760326,0.9365670153682742,NA
vocab,0.8527046301989879,0.9436315781715888,0.9322940125751031,NA
same-different-selection,0.9341413550507914,0.8795429625912259,0.918857435437042,NA
hearts-and-flowers,0.41452734376259465,0.8994652074351785,0.8984022042132143,0.928672923828624
memory-game,0.8026527955551017,0.7813984401066936,0.9070608773916269,0.16700666490613736
egma-math,0.8570640554917655,0.9466882553341031,0.873259242064808,NA
theory-of-mind,0.799195644504105,0.908743751465428,0.8382674504911961,NA
matrix-reasoning,0.9233082742682861,0.9166179291938473,0.9638621965515526,0.8533086998178303
