task_id,ca_pilot,co_pilot,de_pilot
mental-rotation,0.9638306131703197,0.8909165160712726,0.9171980866476014
trog,0.7868554673537261,0.8899058565945711,0.9366925378792779
vocab,0.9341168435506403,0.9436995303352992,0.9331751611407204
egma-math,0.861557158141,0.9414946209269023,0.8714801129983353
theory-of-mind,0.8426344598604887,0.9050067704356007,0.8495483731210289
matrix-reasoning,0.926020192746761,0.9168843460569134,0.9643891817594241
memory-game,0.7914437331629598,0.7978306452599261,0.9072149325905361
hearts-and-flowers,0.4495740493339739,0.8944974756377491,0.6085512201936923
same-different-selection,0.9323719593277278,0.8831266573595911,0.9063340278442626
